motif_position	motif	position	count
AAA_0	AAA	0	0
AAA_1	AAA	1	0
AAA_2	AAA	2	0
AAA_3	AAA	3	146
AAA_4	AAA	4	219
AAA_5	AAA	5	0
AAA_6	AAA	6	2238
AAA_7	AAA	7	2858
AAA_8	AAA	8	0
AAA_9	AAA	9	0
AAA_10	AAA	10	308
AAA_11	AAA	11	294724
AAA_12	AAA	12	294999
AAA_13	AAA	13	164
AAA_14	AAA	14	317
AAA_15	AAA	15	117
AAA_16	AAA	16	0
AAA_17	AAA	17	0
AAA_18	AAA	18	15
AAA_19	AAA	19	1626
AAA_20	AAA	20	0
AAA_21	AAA	21	0
AAA_22	AAA	22	174
AAA_23	AAA	23	0
AAA_24	AAA	24	118
AAA_25	AAA	25	1414
AAA_26	AAA	26	0
AAA_27	AAA	27	271
AAA_28	AAA	28	23
AAA_29	AAA	29	868
AAA_30	AAA	30	0
AAA_31	AAA	31	1333
AAA_32	AAA	32	0
AAA_33	AAA	33	0
AAA_34	AAA	34	0
AAA_35	AAA	35	112
AAA_36	AAA	36	367685
AAA_37	AAA	37	380
AAC_0	AAC	0	0
AAC_1	AAC	1	0
AAC_2	AAC	2	67
AAC_3	AAC	3	0
AAC_4	AAC	4	0
AAC_5	AAC	5	13715
AAC_6	AAC	6	257
AAC_7	AAC	7	179
AAC_8	AAC	8	0
AAC_9	AAC	9	0
AAC_10	AAC	10	26
AAC_11	AAC	11	16
AAC_12	AAC	12	22
AAC_13	AAC	13	60
AAC_14	AAC	14	361
AAC_15	AAC	15	410885
AAC_16	AAC	16	0
AAC_17	AAC	17	0
AAC_18	AAC	18	0
AAC_19	AAC	19	1255
AAC_20	AAC	20	1941
AAC_21	AAC	21	65
AAC_22	AAC	22	0
AAC_23	AAC	23	0
AAC_24	AAC	24	0
AAC_25	AAC	25	0
AAC_26	AAC	26	216
AAC_27	AAC	27	0
AAC_28	AAC	28	13831
AAC_29	AAC	29	0
AAC_30	AAC	30	609
AAC_31	AAC	31	0
AAC_32	AAC	32	531
AAC_33	AAC	33	0
AAC_34	AAC	34	0
AAC_35	AAC	35	84
AAC_36	AAC	36	53
AAC_37	AAC	37	13860
AAG_0	AAG	0	66
AAG_1	AAG	1	133
AAG_2	AAG	2	11
AAG_3	AAG	3	0
AAG_4	AAG	4	146
AAG_5	AAG	5	219
AAG_6	AAG	6	63
AAG_7	AAG	7	403798
AAG_8	AAG	8	2858
AAG_9	AAG	9	144
AAG_10	AAG	10	69
AAG_11	AAG	11	180
AAG_12	AAG	12	210
AAG_13	AAG	13	295162
AAG_14	AAG	14	13
AAG_15	AAG	15	256
AAG_16	AAG	16	237
AAG_17	AAG	17	0
AAG_18	AAG	18	0
AAG_19	AAG	19	236
AAG_20	AAG	20	190
AAG_21	AAG	21	296
AAG_22	AAG	22	182
AAG_23	AAG	23	174
AAG_24	AAG	24	14089
AAG_25	AAG	25	0
AAG_26	AAG	26	1414
AAG_27	AAG	27	0
AAG_28	AAG	28	0
AAG_29	AAG	29	0
AAG_30	AAG	30	431
AAG_31	AAG	31	157
AAG_32	AAG	32	0
AAG_33	AAG	33	403
AAG_34	AAG	34	0
AAG_35	AAG	35	0
AAG_36	AAG	36	409
AAG_37	AAG	37	15
AAT_0	AAT	0	130
AAT_1	AAT	1	0
AAT_2	AAT	2	0
AAT_3	AAT	3	110
AAT_4	AAT	4	0
AAT_5	AAT	5	66
AAT_6	AAT	6	205
AAT_7	AAT	7	1390
AAT_8	AAT	8	0
AAT_9	AAT	9	23
AAT_10	AAT	10	0
AAT_11	AAT	11	63
AAT_12	AAT	12	80
AAT_13	AAT	13	326
AAT_14	AAT	14	354168
AAT_15	AAT	15	1218
AAT_16	AAT	16	117
AAT_17	AAT	17	0
AAT_18	AAT	18	311
AAT_19	AAT	19	13607
AAT_20	AAT	20	0
AAT_21	AAT	21	155
AAT_22	AAT	22	0
AAT_23	AAT	23	241
AAT_24	AAT	24	247
AAT_25	AAT	25	118
AAT_26	AAT	26	78
AAT_27	AAT	27	117
AAT_28	AAT	28	149
AAT_29	AAT	29	0
AAT_30	AAT	30	0
AAT_31	AAT	31	207
AAT_32	AAT	32	912
AAT_33	AAT	33	0
AAT_34	AAT	34	0
AAT_35	AAT	35	0
AAT_36	AAT	36	49
AAT_37	AAT	37	354135
ACA_0	ACA	0	0
ACA_1	ACA	1	0
ACA_2	ACA	2	75
ACA_3	ACA	3	294741
ACA_4	ACA	4	319
ACA_5	ACA	5	0
ACA_6	ACA	6	0
ACA_7	ACA	7	190
ACA_8	ACA	8	0
ACA_9	ACA	9	0
ACA_10	ACA	10	0
ACA_11	ACA	11	54
ACA_12	ACA	12	16
ACA_13	ACA	13	1228
ACA_14	ACA	14	0
ACA_15	ACA	15	0
ACA_16	ACA	16	311
ACA_17	ACA	17	0
ACA_18	ACA	18	0
ACA_19	ACA	19	0
ACA_20	ACA	20	1255
ACA_21	ACA	21	46
ACA_22	ACA	22	14153
ACA_23	ACA	23	0
ACA_24	ACA	24	0
ACA_25	ACA	25	777
ACA_26	ACA	26	0
ACA_27	ACA	27	330470
ACA_28	ACA	28	118
ACA_29	ACA	29	453620
ACA_30	ACA	30	0
ACA_31	ACA	31	5169
ACA_32	ACA	32	0
ACA_33	ACA	33	14
ACA_34	ACA	34	0
ACA_35	ACA	35	0
ACA_36	ACA	36	409803
ACA_37	ACA	37	0
ACC_0	ACC	0	0
ACC_1	ACC	1	0
ACC_2	ACC	2	13711
ACC_3	ACC	3	35
ACC_4	ACC	4	0
ACC_5	ACC	5	0
ACC_6	ACC	6	83
ACC_7	ACC	7	0
ACC_8	ACC	8	0
ACC_9	ACC	9	0
ACC_10	ACC	10	72
ACC_11	ACC	11	0
ACC_12	ACC	12	0
ACC_13	ACC	13	21
ACC_14	ACC	14	0
ACC_15	ACC	15	28
ACC_16	ACC	16	29022
ACC_17	ACC	17	0
ACC_18	ACC	18	0
ACC_19	ACC	19	552
ACC_20	ACC	20	170
ACC_21	ACC	21	1760
ACC_22	ACC	22	0
ACC_23	ACC	23	0
ACC_24	ACC	24	0
ACC_25	ACC	25	0
ACC_26	ACC	26	0
ACC_27	ACC	27	112
ACC_28	ACC	28	0
ACC_29	ACC	29	529
ACC_30	ACC	30	0
ACC_31	ACC	31	464
ACC_32	ACC	32	0
ACC_33	ACC	33	24
ACC_34	ACC	34	0
ACC_35	ACC	35	0
ACC_36	ACC	36	40
ACC_37	ACC	37	0
ACG_0	ACG	0	172
ACG_1	ACG	1	0
ACG_2	ACG	2	15
ACG_3	ACG	3	217
ACG_4	ACG	4	0
ACG_5	ACG	5	0
ACG_6	ACG	6	13705
ACG_7	ACG	7	633
ACG_8	ACG	8	179
ACG_9	ACG	9	0
ACG_10	ACG	10	84
ACG_11	ACG	11	0
ACG_12	ACG	12	0
ACG_13	ACG	13	22
ACG_14	ACG	14	0
ACG_15	ACG	15	34
ACG_16	ACG	16	136
ACG_17	ACG	17	0
ACG_18	ACG	18	0
ACG_19	ACG	19	0
ACG_20	ACG	20	0
ACG_21	ACG	21	0
ACG_22	ACG	22	424
ACG_23	ACG	23	0
ACG_24	ACG	24	589
ACG_25	ACG	25	0
ACG_26	ACG	26	0
ACG_27	ACG	27	5188
ACG_28	ACG	28	0
ACG_29	ACG	29	3448
ACG_30	ACG	30	118
ACG_31	ACG	31	513659
ACG_32	ACG	32	0
ACG_33	ACG	33	62010
ACG_34	ACG	34	0
ACG_35	ACG	35	0
ACG_36	ACG	36	1673
ACG_37	ACG	37	0
ACT_0	ACT	0	305
ACT_1	ACT	1	0
ACT_2	ACT	2	13
ACT_3	ACT	3	93
ACT_4	ACT	4	0
ACT_5	ACT	5	116
ACT_6	ACT	6	10
ACT_7	ACT	7	0
ACT_8	ACT	8	0
ACT_9	ACT	9	0
ACT_10	ACT	10	0
ACT_11	ACT	11	0
ACT_12	ACT	12	0
ACT_13	ACT	13	1059
ACT_14	ACT	14	195
ACT_15	ACT	15	408
ACT_16	ACT	16	382519
ACT_17	ACT	17	0
ACT_18	ACT	18	0
ACT_19	ACT	19	114
ACT_20	ACT	20	0
ACT_21	ACT	21	247
ACT_22	ACT	22	13
ACT_23	ACT	23	0
ACT_24	ACT	24	202
ACT_25	ACT	25	0
ACT_26	ACT	26	0
ACT_27	ACT	27	843
ACT_28	ACT	28	0
ACT_29	ACT	29	1760
ACT_30	ACT	30	0
ACT_31	ACT	31	829
ACT_32	ACT	32	1290
ACT_33	ACT	33	69
ACT_34	ACT	34	0
ACT_35	ACT	35	0
ACT_36	ACT	36	1119
ACT_37	ACT	37	53
AGA_0	AGA	0	784
AGA_1	AGA	1	40
AGA_2	AGA	2	11
AGA_3	AGA	3	11
AGA_4	AGA	4	0
AGA_5	AGA	5	69
AGA_6	AGA	6	167
AGA_7	AGA	7	18
AGA_8	AGA	8	2136
AGA_9	AGA	9	0
AGA_10	AGA	10	78
AGA_11	AGA	11	304
AGA_12	AGA	12	258
AGA_13	AGA	13	0
AGA_14	AGA	14	63
AGA_15	AGA	15	118
AGA_16	AGA	16	285
AGA_17	AGA	17	118
AGA_18	AGA	18	0
AGA_19	AGA	19	0
AGA_20	AGA	20	156
AGA_21	AGA	21	145
AGA_22	AGA	22	411434
AGA_23	AGA	23	572
AGA_24	AGA	24	176
AGA_25	AGA	25	290748
AGA_26	AGA	26	0
AGA_27	AGA	27	257
AGA_28	AGA	28	0
AGA_29	AGA	29	113
AGA_30	AGA	30	129
AGA_31	AGA	31	334618
AGA_32	AGA	32	0
AGA_33	AGA	33	0
AGA_34	AGA	34	403
AGA_35	AGA	35	0
AGA_36	AGA	36	528
AGA_37	AGA	37	118
AGC_0	AGC	0	785
AGC_1	AGC	1	26
AGC_2	AGC	2	31
AGC_3	AGC	3	0
AGC_4	AGC	4	0
AGC_5	AGC	5	248
AGC_6	AGC	6	354027
AGC_7	AGC	7	0
AGC_8	AGC	8	303
AGC_9	AGC	9	0
AGC_10	AGC	10	1685
AGC_11	AGC	11	0
AGC_12	AGC	12	731
AGC_13	AGC	13	0
AGC_14	AGC	14	223
AGC_15	AGC	15	831
AGC_16	AGC	16	161
AGC_17	AGC	17	0
AGC_18	AGC	18	86
AGC_19	AGC	19	24
AGC_20	AGC	20	97821
AGC_21	AGC	21	294514
AGC_22	AGC	22	13
AGC_23	AGC	23	0
AGC_24	AGC	24	513
AGC_25	AGC	25	13633
AGC_26	AGC	26	0
AGC_27	AGC	27	249
AGC_28	AGC	28	16
AGC_29	AGC	29	0
AGC_30	AGC	30	0
AGC_31	AGC	31	389
AGC_32	AGC	32	0
AGC_33	AGC	33	0
AGC_34	AGC	34	0
AGC_35	AGC	35	0
AGC_36	AGC	36	0
AGC_37	AGC	37	18
AGG_0	AGG	0	647755
AGG_1	AGG	1	0
AGG_2	AGG	2	100861
AGG_3	AGG	3	100
AGG_4	AGG	4	0
AGG_5	AGG	5	63
AGG_6	AGG	6	34
AGG_7	AGG	7	903
AGG_8	AGG	8	403326
AGG_9	AGG	9	0
AGG_10	AGG	10	354116
AGG_11	AGG	11	343
AGG_12	AGG	12	0
AGG_13	AGG	13	242
AGG_14	AGG	14	28
AGG_15	AGG	15	0
AGG_16	AGG	16	98395
AGG_17	AGG	17	393
AGG_18	AGG	18	0
AGG_19	AGG	19	0
AGG_20	AGG	20	20
AGG_21	AGG	21	32
AGG_22	AGG	22	462
AGG_23	AGG	23	182
AGG_24	AGG	24	411866
AGG_25	AGG	25	2574
AGG_26	AGG	26	0
AGG_27	AGG	27	23
AGG_28	AGG	28	0
AGG_29	AGG	29	0
AGG_30	AGG	30	0
AGG_31	AGG	31	19765
AGG_32	AGG	32	31
AGG_33	AGG	33	100
AGG_34	AGG	34	202
AGG_35	AGG	35	0
AGG_36	AGG	36	0
AGG_37	AGG	37	61
AGT_0	AGT	0	413109
AGT_1	AGT	1	0
AGT_2	AGT	2	45
AGT_3	AGT	3	11
AGT_4	AGT	4	141
AGT_5	AGT	5	294886
AGT_6	AGT	6	730
AGT_7	AGT	7	28
AGT_8	AGT	8	914
AGT_9	AGT	9	2903
AGT_10	AGT	10	469
AGT_11	AGT	11	0
AGT_12	AGT	12	0
AGT_13	AGT	13	80
AGT_14	AGT	14	295284
AGT_15	AGT	15	55
AGT_16	AGT	16	169
AGT_17	AGT	17	237
AGT_18	AGT	18	125
AGT_19	AGT	19	86
AGT_20	AGT	20	1382
AGT_21	AGT	21	336
AGT_22	AGT	22	287
AGT_23	AGT	23	0
AGT_24	AGT	24	61496
AGT_25	AGT	25	148
AGT_26	AGT	26	124
AGT_27	AGT	27	294548
AGT_28	AGT	28	121
AGT_29	AGT	29	0
AGT_30	AGT	30	0
AGT_31	AGT	31	590
AGT_32	AGT	32	296
AGT_33	AGT	33	0
AGT_34	AGT	34	0
AGT_35	AGT	35	140
AGT_36	AGT	36	0
AGT_37	AGT	37	391
ATA_0	ATA	0	0
ATA_1	ATA	1	0
ATA_2	ATA	2	0
ATA_3	ATA	3	244
ATA_4	ATA	4	354414
ATA_5	ATA	5	83
ATA_6	ATA	6	0
ATA_7	ATA	7	218
ATA_8	ATA	8	16
ATA_9	ATA	9	754
ATA_10	ATA	10	42
ATA_11	ATA	11	59
ATA_12	ATA	12	63
ATA_13	ATA	13	2309
ATA_14	ATA	14	215
ATA_15	ATA	15	503
ATA_16	ATA	16	0
ATA_17	ATA	17	308
ATA_18	ATA	18	285
ATA_19	ATA	19	377
ATA_20	ATA	20	13809
ATA_21	ATA	21	0
ATA_22	ATA	22	62477
ATA_23	ATA	23	0
ATA_24	ATA	24	78
ATA_25	ATA	25	3987
ATA_26	ATA	26	118
ATA_27	ATA	27	113727
ATA_28	ATA	28	0
ATA_29	ATA	29	3725
ATA_30	ATA	30	0
ATA_31	ATA	31	1880
ATA_32	ATA	32	169
ATA_33	ATA	33	98
ATA_34	ATA	34	154
ATA_35	ATA	35	0
ATA_36	ATA	36	711
ATA_37	ATA	37	0
ATC_0	ATC	0	0
ATC_1	ATC	1	0
ATC_2	ATC	2	10
ATC_3	ATC	3	0
ATC_4	ATC	4	0
ATC_5	ATC	5	0
ATC_6	ATC	6	260
ATC_7	ATC	7	0
ATC_8	ATC	8	0
ATC_9	ATC	9	355
ATC_10	ATC	10	99076
ATC_11	ATC	11	0
ATC_12	ATC	12	0
ATC_13	ATC	13	7251
ATC_14	ATC	14	0
ATC_15	ATC	15	586
ATC_16	ATC	16	30
ATC_17	ATC	17	0
ATC_18	ATC	18	0
ATC_19	ATC	19	402828
ATC_20	ATC	20	248
ATC_21	ATC	21	260
ATC_22	ATC	22	302
ATC_23	ATC	23	0
ATC_24	ATC	24	59
ATC_25	ATC	25	17
ATC_26	ATC	26	0
ATC_27	ATC	27	0
ATC_28	ATC	28	117
ATC_29	ATC	29	0
ATC_30	ATC	30	0
ATC_31	ATC	31	0
ATC_32	ATC	32	249
ATC_33	ATC	33	136
ATC_34	ATC	34	0
ATC_35	ATC	35	0
ATC_36	ATC	36	0
ATC_37	ATC	37	0
ATG_0	ATG	0	551
ATG_1	ATG	1	130
ATG_2	ATG	2	58
ATG_3	ATG	3	0
ATG_4	ATG	4	199
ATG_5	ATG	5	0
ATG_6	ATG	6	22
ATG_7	ATG	7	3178
ATG_8	ATG	8	1358
ATG_9	ATG	9	0
ATG_10	ATG	10	607
ATG_11	ATG	11	0
ATG_12	ATG	12	0
ATG_13	ATG	13	146
ATG_14	ATG	14	0
ATG_15	ATG	15	13694
ATG_16	ATG	16	710
ATG_17	ATG	17	0
ATG_18	ATG	18	0
ATG_19	ATG	19	30
ATG_20	ATG	20	24
ATG_21	ATG	21	0
ATG_22	ATG	22	291665
ATG_23	ATG	23	0
ATG_24	ATG	24	99072
ATG_25	ATG	25	14
ATG_26	ATG	26	0
ATG_27	ATG	27	331
ATG_28	ATG	28	0
ATG_29	ATG	29	43
ATG_30	ATG	30	0
ATG_31	ATG	31	680
ATG_32	ATG	32	28
ATG_33	ATG	33	285401
ATG_34	ATG	34	0
ATG_35	ATG	35	0
ATG_36	ATG	36	15
ATG_37	ATG	37	0
ATT_0	ATT	0	264
ATT_1	ATT	1	0
ATT_2	ATT	2	0
ATT_3	ATT	3	0
ATT_4	ATT	4	28
ATT_5	ATT	5	188
ATT_6	ATT	6	44
ATT_7	ATT	7	0
ATT_8	ATT	8	32
ATT_9	ATT	9	26
ATT_10	ATT	10	971
ATT_11	ATT	11	0
ATT_12	ATT	12	0
ATT_13	ATT	13	90880
ATT_14	ATT	14	219
ATT_15	ATT	15	355319
ATT_16	ATT	16	677
ATT_17	ATT	17	0
ATT_18	ATT	18	0
ATT_19	ATT	19	2560
ATT_20	ATT	20	0
ATT_21	ATT	21	0
ATT_22	ATT	22	559
ATT_23	ATT	23	0
ATT_24	ATT	24	234
ATT_25	ATT	25	0
ATT_26	ATT	26	0
ATT_27	ATT	27	204
ATT_28	ATT	28	0
ATT_29	ATT	29	30
ATT_30	ATT	30	0
ATT_31	ATT	31	0
ATT_32	ATT	32	293218
ATT_33	ATT	33	364
ATT_34	ATT	34	0
ATT_35	ATT	35	0
ATT_36	ATT	36	0
ATT_37	ATT	37	49
CAA_0	CAA	0	133
CAA_1	CAA	1	0
CAA_2	CAA	2	0
CAA_3	CAA	3	219
CAA_4	CAA	4	13768
CAA_5	CAA	5	0
CAA_6	CAA	6	634
CAA_7	CAA	7	0
CAA_8	CAA	8	144
CAA_9	CAA	9	0
CAA_10	CAA	10	1992
CAA_11	CAA	11	22
CAA_12	CAA	12	243
CAA_13	CAA	13	140
CAA_14	CAA	14	408072
CAA_15	CAA	15	16
CAA_16	CAA	16	0
CAA_17	CAA	17	311
CAA_18	CAA	18	221
CAA_19	CAA	19	0
CAA_20	CAA	20	155
CAA_21	CAA	21	142
CAA_22	CAA	22	241
CAA_23	CAA	23	13976
CAA_24	CAA	24	0
CAA_25	CAA	25	0
CAA_26	CAA	26	0
CAA_27	CAA	27	13721
CAA_28	CAA	28	395
CAA_29	CAA	29	0
CAA_30	CAA	30	1581
CAA_31	CAA	31	0
CAA_32	CAA	32	0
CAA_33	CAA	33	0
CAA_34	CAA	34	14
CAA_35	CAA	35	177
CAA_36	CAA	36	15
CAA_37	CAA	37	408367
CAC_0	CAC	0	0
CAC_1	CAC	1	16
CAC_2	CAC	2	71
CAC_3	CAC	3	319
CAC_4	CAC	4	116
CAC_5	CAC	5	0
CAC_6	CAC	6	0
CAC_7	CAC	7	0
CAC_8	CAC	8	0
CAC_9	CAC	9	0
CAC_10	CAC	10	0
CAC_11	CAC	11	0
CAC_12	CAC	12	1067
CAC_13	CAC	13	0
CAC_14	CAC	14	28
CAC_15	CAC	15	52
CAC_16	CAC	16	0
CAC_17	CAC	17	0
CAC_18	CAC	18	39
CAC_19	CAC	19	0
CAC_20	CAC	20	0
CAC_21	CAC	21	384
CAC_22	CAC	22	0
CAC_23	CAC	23	0
CAC_24	CAC	24	0
CAC_25	CAC	25	0
CAC_26	CAC	26	1405
CAC_27	CAC	27	0
CAC_28	CAC	28	329950
CAC_29	CAC	29	118
CAC_30	CAC	30	105358
CAC_31	CAC	31	0
CAC_32	CAC	32	159
CAC_33	CAC	33	0
CAC_34	CAC	34	0
CAC_35	CAC	35	287
CAC_36	CAC	36	0
CAC_37	CAC	37	116
CAG_0	CAG	0	0
CAG_1	CAG	1	30
CAG_2	CAG	2	0
CAG_3	CAG	3	0
CAG_4	CAG	4	294825
CAG_5	CAG	5	319
CAG_6	CAG	6	0
CAG_7	CAG	7	31
CAG_8	CAG	8	0
CAG_9	CAG	9	131
CAG_10	CAG	10	0
CAG_11	CAG	11	0
CAG_12	CAG	12	80
CAG_13	CAG	13	16
CAG_14	CAG	14	831
CAG_15	CAG	15	7199
CAG_16	CAG	16	0
CAG_17	CAG	17	0
CAG_18	CAG	18	0
CAG_19	CAG	19	848
CAG_20	CAG	20	263
CAG_21	CAG	21	409661
CAG_22	CAG	22	427
CAG_23	CAG	23	519
CAG_24	CAG	24	89
CAG_25	CAG	25	0
CAG_26	CAG	26	777
CAG_27	CAG	27	16
CAG_28	CAG	28	113
CAG_29	CAG	29	0
CAG_30	CAG	30	351313
CAG_31	CAG	31	0
CAG_32	CAG	32	42
CAG_33	CAG	33	0
CAG_34	CAG	34	0
CAG_35	CAG	35	0
CAG_36	CAG	36	0
CAG_37	CAG	37	456
CAT_0	CAT	0	0
CAT_1	CAT	1	0
CAT_2	CAT	2	0
CAT_3	CAT	3	354289
CAT_4	CAT	4	188
CAT_5	CAT	5	0
CAT_6	CAT	6	0
CAT_7	CAT	7	0
CAT_8	CAT	8	190
CAT_9	CAT	9	58
CAT_10	CAT	10	0
CAT_11	CAT	11	0
CAT_12	CAT	12	99083
CAT_13	CAT	13	0
CAT_14	CAT	14	151
CAT_15	CAT	15	15
CAT_16	CAT	16	0
CAT_17	CAT	17	0
CAT_18	CAT	18	28784
CAT_19	CAT	19	0
CAT_20	CAT	20	0
CAT_21	CAT	21	743
CAT_22	CAT	22	0
CAT_23	CAT	23	351
CAT_24	CAT	24	0
CAT_25	CAT	25	0
CAT_26	CAT	26	128
CAT_27	CAT	27	0
CAT_28	CAT	28	2730
CAT_29	CAT	29	0
CAT_30	CAT	30	2005
CAT_31	CAT	31	223
CAT_32	CAT	32	4982
CAT_33	CAT	33	0
CAT_34	CAT	34	0
CAT_35	CAT	35	0
CAT_36	CAT	36	0
CAT_37	CAT	37	1590
CCA_0	CCA	0	30
CCA_1	CCA	1	0
CCA_2	CCA	2	147
CCA_3	CCA	3	13733
CCA_4	CCA	4	0
CCA_5	CCA	5	0
CCA_6	CCA	6	0
CCA_7	CCA	7	0
CCA_8	CCA	8	131
CCA_9	CCA	9	0
CCA_10	CCA	10	0
CCA_11	CCA	11	72
CCA_12	CCA	12	0
CCA_13	CCA	13	8738
CCA_14	CCA	14	73
CCA_15	CCA	15	0
CCA_16	CCA	16	0
CCA_17	CCA	17	28862
CCA_18	CCA	18	0
CCA_19	CCA	19	0
CCA_20	CCA	20	842
CCA_21	CCA	21	0
CCA_22	CCA	22	351
CCA_23	CCA	23	89
CCA_24	CCA	24	0
CCA_25	CCA	25	0
CCA_26	CCA	26	0
CCA_27	CCA	27	172
CCA_28	CCA	28	0
CCA_29	CCA	29	112
CCA_30	CCA	30	223
CCA_31	CCA	31	0
CCA_32	CCA	32	0
CCA_33	CCA	33	0
CCA_34	CCA	34	24
CCA_35	CCA	35	0
CCA_36	CCA	36	11
CCA_37	CCA	37	40
CCC_0	CCC	0	0
CCC_1	CCC	1	0
CCC_2	CCC	2	0
CCC_3	CCC	3	0
CCC_4	CCC	4	0
CCC_5	CCC	5	0
CCC_6	CCC	6	0
CCC_7	CCC	7	0
CCC_8	CCC	8	0
CCC_9	CCC	9	0
CCC_10	CCC	10	0
CCC_11	CCC	11	0
CCC_12	CCC	12	0
CCC_13	CCC	13	0
CCC_14	CCC	14	0
CCC_15	CCC	15	0
CCC_16	CCC	16	0
CCC_17	CCC	17	10
CCC_18	CCC	18	0
CCC_19	CCC	19	0
CCC_20	CCC	20	0
CCC_21	CCC	21	0
CCC_22	CCC	22	0
CCC_23	CCC	23	0
CCC_24	CCC	24	0
CCC_25	CCC	25	0
CCC_26	CCC	26	0
CCC_27	CCC	27	0
CCC_28	CCC	28	112
CCC_29	CCC	29	0
CCC_30	CCC	30	0
CCC_31	CCC	31	0
CCC_32	CCC	32	0
CCC_33	CCC	33	0
CCC_34	CCC	34	0
CCC_35	CCC	35	0
CCC_36	CCC	36	0
CCC_37	CCC	37	0
CCG_0	CCG	0	0
CCG_1	CCG	1	0
CCG_2	CCG	2	0
CCG_3	CCG	3	11
CCG_4	CCG	4	35
CCG_5	CCG	5	13
CCG_6	CCG	6	0
CCG_7	CCG	7	72
CCG_8	CCG	8	0
CCG_9	CCG	9	0
CCG_10	CCG	10	0
CCG_11	CCG	11	0
CCG_12	CCG	12	0
CCG_13	CCG	13	0
CCG_14	CCG	14	0
CCG_15	CCG	15	0
CCG_16	CCG	16	0
CCG_17	CCG	17	211
CCG_18	CCG	18	0
CCG_19	CCG	19	0
CCG_20	CCG	20	0
CCG_21	CCG	21	43
CCG_22	CCG	22	1760
CCG_23	CCG	23	0
CCG_24	CCG	24	0
CCG_25	CCG	25	0
CCG_26	CCG	26	0
CCG_27	CCG	27	0
CCG_28	CCG	28	0
CCG_29	CCG	29	249
CCG_30	CCG	30	529
CCG_31	CCG	31	19
CCG_32	CCG	32	13
CCG_33	CCG	33	252
CCG_34	CCG	34	0
CCG_35	CCG	35	0
CCG_36	CCG	36	0
CCG_37	CCG	37	0
CCT_0	CCT	0	0
CCT_1	CCT	1	0
CCT_2	CCT	2	0
CCT_3	CCT	3	10
CCT_4	CCT	4	0
CCT_5	CCT	5	0
CCT_6	CCT	6	0
CCT_7	CCT	7	11
CCT_8	CCT	8	0
CCT_9	CCT	9	0
CCT_10	CCT	10	0
CCT_11	CCT	11	0
CCT_12	CCT	12	26
CCT_13	CCT	13	11
CCT_14	CCT	14	0
CCT_15	CCT	15	0
CCT_16	CCT	16	28
CCT_17	CCT	17	27
CCT_18	CCT	18	10
CCT_19	CCT	19	244
CCT_20	CCT	20	0
CCT_21	CCT	21	170
CCT_22	CCT	22	0
CCT_23	CCT	23	0
CCT_24	CCT	24	0
CCT_25	CCT	25	0
CCT_26	CCT	26	0
CCT_27	CCT	27	0
CCT_28	CCT	28	0
CCT_29	CCT	29	0
CCT_30	CCT	30	0
CCT_31	CCT	31	0
CCT_32	CCT	32	451
CCT_33	CCT	33	0
CCT_34	CCT	34	0
CCT_35	CCT	35	0
CCT_36	CCT	36	1694
CCT_37	CCT	37	0
CGA_0	CGA	0	100022
CGA_1	CGA	1	71
CGA_2	CGA	2	0
CGA_3	CGA	3	0
CGA_4	CGA	4	11
CGA_5	CGA	5	0
CGA_6	CGA	6	0
CGA_7	CGA	7	0
CGA_8	CGA	8	353468
CGA_9	CGA	9	0
CGA_10	CGA	10	0
CGA_11	CGA	11	355
CGA_12	CGA	12	40
CGA_13	CGA	13	0
CGA_14	CGA	14	635
CGA_15	CGA	15	0
CGA_16	CGA	16	0
CGA_17	CGA	17	50
CGA_18	CGA	18	0
CGA_19	CGA	19	0
CGA_20	CGA	20	23
CGA_21	CGA	21	0
CGA_22	CGA	22	201
CGA_23	CGA	23	295055
CGA_24	CGA	24	0
CGA_25	CGA	25	500
CGA_26	CGA	26	0
CGA_27	CGA	27	0
CGA_28	CGA	28	0
CGA_29	CGA	29	0
CGA_30	CGA	30	293070
CGA_31	CGA	31	517
CGA_32	CGA	32	187
CGA_33	CGA	33	0
CGA_34	CGA	34	62685
CGA_35	CGA	35	0
CGA_36	CGA	36	0
CGA_37	CGA	37	1673
CGC_0	CGC	0	0
CGC_1	CGC	1	101
CGC_2	CGC	2	0
CGC_3	CGC	3	0
CGC_4	CGC	4	0
CGC_5	CGC	5	0
CGC_6	CGC	6	0
CGC_7	CGC	7	11
CGC_8	CGC	8	19
CGC_9	CGC	9	0
CGC_10	CGC	10	0
CGC_11	CGC	11	10
CGC_12	CGC	12	206
CGC_13	CGC	13	0
CGC_14	CGC	14	0
CGC_15	CGC	15	0
CGC_16	CGC	16	0
CGC_17	CGC	17	0
CGC_18	CGC	18	95
CGC_19	CGC	19	0
CGC_20	CGC	20	27
CGC_21	CGC	21	17
CGC_22	CGC	22	0
CGC_23	CGC	23	52
CGC_24	CGC	24	0
CGC_25	CGC	25	0
CGC_26	CGC	26	13
CGC_27	CGC	27	0
CGC_28	CGC	28	5124
CGC_29	CGC	29	0
CGC_30	CGC	30	128
CGC_31	CGC	31	0
CGC_32	CGC	32	1343
CGC_33	CGC	33	0
CGC_34	CGC	34	0
CGC_35	CGC	35	0
CGC_36	CGC	36	0
CGC_37	CGC	37	0
CGG_0	CGG	0	369
CGG_1	CGG	1	0
CGG_2	CGG	2	567
CGG_3	CGG	3	43
CGG_4	CGG	4	217
CGG_5	CGG	5	21950
CGG_6	CGG	6	50
CGG_7	CGG	7	0
CGG_8	CGG	8	830
CGG_9	CGG	9	11
CGG_10	CGG	10	19
CGG_11	CGG	11	1385
CGG_12	CGG	12	0
CGG_13	CGG	13	0
CGG_14	CGG	14	0
CGG_15	CGG	15	38
CGG_16	CGG	16	223
CGG_17	CGG	17	373
CGG_18	CGG	18	0
CGG_19	CGG	19	0
CGG_20	CGG	20	0
CGG_21	CGG	21	390
CGG_22	CGG	22	0
CGG_23	CGG	23	1074
CGG_24	CGG	24	13
CGG_25	CGG	25	141
CGG_26	CGG	26	0
CGG_27	CGG	27	0
CGG_28	CGG	28	0
CGG_29	CGG	29	0
CGG_30	CGG	30	3712
CGG_31	CGG	31	130
CGG_32	CGG	32	99986
CGG_33	CGG	33	13
CGG_34	CGG	34	329
CGG_35	CGG	35	0
CGG_36	CGG	36	0
CGG_37	CGG	37	130
CGT_0	CGT	0	207
CGT_1	CGT	1	0
CGT_2	CGT	2	0
CGT_3	CGT	3	244
CGT_4	CGT	4	91
CGT_5	CGT	5	63
CGT_6	CGT	6	0
CGT_7	CGT	7	13713
CGT_8	CGT	8	779
CGT_9	CGT	9	179
CGT_10	CGT	10	0
CGT_11	CGT	11	0
CGT_12	CGT	12	542
CGT_13	CGT	13	0
CGT_14	CGT	14	22
CGT_15	CGT	15	0
CGT_16	CGT	16	34
CGT_17	CGT	17	86
CGT_18	CGT	18	300
CGT_19	CGT	19	0
CGT_20	CGT	20	0
CGT_21	CGT	21	0
CGT_22	CGT	22	0
CGT_23	CGT	23	600
CGT_24	CGT	24	302
CGT_25	CGT	25	0
CGT_26	CGT	26	90
CGT_27	CGT	27	0
CGT_28	CGT	28	615
CGT_29	CGT	29	0
CGT_30	CGT	30	154
CGT_31	CGT	31	0
CGT_32	CGT	32	412544
CGT_33	CGT	33	0
CGT_34	CGT	34	41
CGT_35	CGT	35	200
CGT_36	CGT	36	0
CGT_37	CGT	37	0
CTA_0	CTA	0	89
CTA_1	CTA	1	0
CTA_2	CTA	2	0
CTA_3	CTA	3	13
CTA_4	CTA	4	10
CTA_5	CTA	5	108
CTA_6	CTA	6	0
CTA_7	CTA	7	0
CTA_8	CTA	8	370
CTA_9	CTA	9	344
CTA_10	CTA	10	0
CTA_11	CTA	11	0
CTA_12	CTA	12	0
CTA_13	CTA	13	222
CTA_14	CTA	14	1389
CTA_15	CTA	15	0
CTA_16	CTA	16	0
CTA_17	CTA	17	377268
CTA_18	CTA	18	161
CTA_19	CTA	19	113
CTA_20	CTA	20	353862
CTA_21	CTA	21	0
CTA_22	CTA	22	97320
CTA_23	CTA	23	238
CTA_24	CTA	24	0
CTA_25	CTA	25	485
CTA_26	CTA	26	0
CTA_27	CTA	27	13
CTA_28	CTA	28	0
CTA_29	CTA	29	302
CTA_30	CTA	30	389
CTA_31	CTA	31	0
CTA_32	CTA	32	0
CTA_33	CTA	33	0
CTA_34	CTA	34	1391
CTA_35	CTA	35	0
CTA_36	CTA	36	282
CTA_37	CTA	37	1119
CTC_0	CTC	0	0
CTC_1	CTC	1	0
CTC_2	CTC	2	0
CTC_3	CTC	3	0
CTC_4	CTC	4	0
CTC_5	CTC	5	0
CTC_6	CTC	6	0
CTC_7	CTC	7	0
CTC_8	CTC	8	0
CTC_9	CTC	9	0
CTC_10	CTC	10	0
CTC_11	CTC	11	0
CTC_12	CTC	12	0
CTC_13	CTC	13	0
CTC_14	CTC	14	0
CTC_15	CTC	15	0
CTC_16	CTC	16	0
CTC_17	CTC	17	3307
CTC_18	CTC	18	0
CTC_19	CTC	19	3307
CTC_20	CTC	20	10
CTC_21	CTC	21	0
CTC_22	CTC	22	0
CTC_23	CTC	23	0
CTC_24	CTC	24	0
CTC_25	CTC	25	0
CTC_26	CTC	26	0
CTC_27	CTC	27	0
CTC_28	CTC	28	809
CTC_29	CTC	29	0
CTC_30	CTC	30	0
CTC_31	CTC	31	0
CTC_32	CTC	32	0
CTC_33	CTC	33	0
CTC_34	CTC	34	0
CTC_35	CTC	35	0
CTC_36	CTC	36	0
CTC_37	CTC	37	0
CTG_0	CTG	0	0
CTG_1	CTG	1	305
CTG_2	CTG	2	0
CTG_3	CTG	3	0
CTG_4	CTG	4	124
CTG_5	CTG	5	38
CTG_6	CTG	6	0
CTG_7	CTG	7	248
CTG_8	CTG	8	11
CTG_9	CTG	9	0
CTG_10	CTG	10	303
CTG_11	CTG	11	11
CTG_12	CTG	12	0
CTG_13	CTG	13	0
CTG_14	CTG	14	0
CTG_15	CTG	15	75
CTG_16	CTG	16	361
CTG_17	CTG	17	2642
CTG_18	CTG	18	0
CTG_19	CTG	19	0
CTG_20	CTG	20	182
CTG_21	CTG	21	177
CTG_22	CTG	22	833
CTG_23	CTG	23	0
CTG_24	CTG	24	0
CTG_25	CTG	25	0
CTG_26	CTG	26	0
CTG_27	CTG	27	319
CTG_28	CTG	28	0
CTG_29	CTG	29	0
CTG_30	CTG	30	1788
CTG_31	CTG	31	0
CTG_32	CTG	32	459
CTG_33	CTG	33	1427
CTG_34	CTG	34	0
CTG_35	CTG	35	0
CTG_36	CTG	36	39
CTG_37	CTG	37	0
CTT_0	CTT	0	0
CTT_1	CTT	1	0
CTT_2	CTT	2	0
CTT_3	CTT	3	129
CTT_4	CTT	4	0
CTT_5	CTT	5	0
CTT_6	CTT	6	116
CTT_7	CTT	7	10
CTT_8	CTT	8	0
CTT_9	CTT	9	0
CTT_10	CTT	10	0
CTT_11	CTT	11	0
CTT_12	CTT	12	22
CTT_13	CTT	13	26
CTT_14	CTT	14	0
CTT_15	CTT	15	135
CTT_16	CTT	16	47
CTT_17	CTT	17	382
CTT_18	CTT	18	27
CTT_19	CTT	19	10
CTT_20	CTT	20	298
CTT_21	CTT	21	0
CTT_22	CTT	22	82
CTT_23	CTT	23	0
CTT_24	CTT	24	0
CTT_25	CTT	25	0
CTT_26	CTT	26	0
CTT_27	CTT	27	0
CTT_28	CTT	28	34
CTT_29	CTT	29	0
CTT_30	CTT	30	0
CTT_31	CTT	31	0
CTT_32	CTT	32	389
CTT_33	CTT	33	451
CTT_34	CTT	34	0
CTT_35	CTT	35	0
CTT_36	CTT	36	0
CTT_37	CTT	37	1694
GAA_0	GAA	0	0
GAA_1	GAA	1	64
GAA_2	GAA	2	256
GAA_3	GAA	3	0
GAA_4	GAA	4	0
GAA_5	GAA	5	2696
GAA_6	GAA	6	23
GAA_7	GAA	7	0
GAA_8	GAA	8	23
GAA_9	GAA	9	377
GAA_10	GAA	10	48
GAA_11	GAA	11	442
GAA_12	GAA	12	411
GAA_13	GAA	13	354236
GAA_14	GAA	14	55
GAA_15	GAA	15	0
GAA_16	GAA	16	0
GAA_17	GAA	17	15
GAA_18	GAA	18	236
GAA_19	GAA	19	258
GAA_20	GAA	20	0
GAA_21	GAA	21	0
GAA_22	GAA	22	0
GAA_23	GAA	23	120
GAA_24	GAA	24	1414
GAA_25	GAA	25	216
GAA_26	GAA	26	148
GAA_27	GAA	27	0
GAA_28	GAA	28	381
GAA_29	GAA	29	172
GAA_30	GAA	30	0
GAA_31	GAA	31	110
GAA_32	GAA	32	403
GAA_33	GAA	33	0
GAA_34	GAA	34	0
GAA_35	GAA	35	367379
GAA_36	GAA	36	459
GAA_37	GAA	37	14
GAC_0	GAC	0	0
GAC_1	GAC	1	90
GAC_2	GAC	2	294643
GAC_3	GAC	3	0
GAC_4	GAC	4	0
GAC_5	GAC	5	11
GAC_6	GAC	6	0
GAC_7	GAC	7	0
GAC_8	GAC	8	0
GAC_9	GAC	9	84
GAC_10	GAC	10	0
GAC_11	GAC	11	0
GAC_12	GAC	12	1218
GAC_13	GAC	13	135
GAC_14	GAC	14	0
GAC_15	GAC	15	635
GAC_16	GAC	16	0
GAC_17	GAC	17	0
GAC_18	GAC	18	114
GAC_19	GAC	19	0
GAC_20	GAC	20	0
GAC_21	GAC	21	118
GAC_22	GAC	22	0
GAC_23	GAC	23	141
GAC_24	GAC	24	777
GAC_25	GAC	25	0
GAC_26	GAC	26	248
GAC_27	GAC	27	0
GAC_28	GAC	28	257
GAC_29	GAC	29	0
GAC_30	GAC	30	1711
GAC_31	GAC	31	1290
GAC_32	GAC	32	61221
GAC_33	GAC	33	0
GAC_34	GAC	34	0
GAC_35	GAC	35	31
GAC_36	GAC	36	0
GAC_37	GAC	37	27
GAG_0	GAG	0	0
GAG_1	GAG	1	100716
GAG_2	GAG	2	11
GAG_3	GAG	3	141
GAG_4	GAG	4	51
GAG_5	GAG	5	16
GAG_6	GAG	6	28
GAG_7	GAG	7	2189
GAG_8	GAG	8	18
GAG_9	GAG	9	355587
GAG_10	GAG	10	274
GAG_11	GAG	11	78
GAG_12	GAG	12	0
GAG_13	GAG	13	357
GAG_14	GAG	14	118
GAG_15	GAG	15	160
GAG_16	GAG	16	118
GAG_17	GAG	17	125
GAG_18	GAG	18	0
GAG_19	GAG	19	31
GAG_20	GAG	20	38
GAG_21	GAG	21	30
GAG_22	GAG	22	145
GAG_23	GAG	23	411366
GAG_24	GAG	24	292687
GAG_25	GAG	25	124
GAG_26	GAG	26	291651
GAG_27	GAG	27	121
GAG_28	GAG	28	0
GAG_29	GAG	29	0
GAG_30	GAG	30	113
GAG_31	GAG	31	170
GAG_32	GAG	32	58
GAG_33	GAG	33	33
GAG_34	GAG	34	33
GAG_35	GAG	35	514
GAG_36	GAG	36	61
GAG_37	GAG	37	0
GAT_0	GAT	0	0
GAT_1	GAT	1	58
GAT_2	GAT	2	244
GAT_3	GAT	3	11
GAT_4	GAT	4	83
GAT_5	GAT	5	0
GAT_6	GAT	6	69
GAT_7	GAT	7	16
GAT_8	GAT	8	0
GAT_9	GAT	9	607
GAT_10	GAT	10	0
GAT_11	GAT	11	0
GAT_12	GAT	12	381
GAT_13	GAT	13	108
GAT_14	GAT	14	343
GAT_15	GAT	15	11
GAT_16	GAT	16	0
GAT_17	GAT	17	285
GAT_18	GAT	18	512
GAT_19	GAT	19	209
GAT_20	GAT	20	0
GAT_21	GAT	21	61
GAT_22	GAT	22	0
GAT_23	GAT	23	575
GAT_24	GAT	24	3760
GAT_25	GAT	25	0
GAT_26	GAT	26	98128
GAT_27	GAT	27	0
GAT_28	GAT	28	0
GAT_29	GAT	29	0
GAT_30	GAT	30	0
GAT_31	GAT	31	292845
GAT_32	GAT	32	278418
GAT_33	GAT	33	154
GAT_34	GAT	34	0
GAT_35	GAT	35	207
GAT_36	GAT	36	0
GAT_37	GAT	37	889
GCA_0	GCA	0	16
GCA_1	GCA	1	71
GCA_2	GCA	2	354343
GCA_3	GCA	3	294
GCA_4	GCA	4	0
GCA_5	GCA	5	634
GCA_6	GCA	6	0
GCA_7	GCA	7	144
GCA_8	GCA	8	58
GCA_9	GCA	9	1992
GCA_10	GCA	10	0
GCA_11	GCA	11	1645
GCA_12	GCA	12	140
GCA_13	GCA	13	396875
GCA_14	GCA	14	0
GCA_15	GCA	15	0
GCA_16	GCA	16	0
GCA_17	GCA	17	71
GCA_18	GCA	18	848
GCA_19	GCA	19	418
GCA_20	GCA	20	24
GCA_21	GCA	21	241
GCA_22	GCA	22	342
GCA_23	GCA	23	0
GCA_24	GCA	24	0
GCA_25	GCA	25	1456
GCA_26	GCA	26	13720
GCA_27	GCA	27	1796
GCA_28	GCA	28	0
GCA_29	GCA	29	5642
GCA_30	GCA	30	0
GCA_31	GCA	31	14
GCA_32	GCA	32	0
GCA_33	GCA	33	0
GCA_34	GCA	34	0
GCA_35	GCA	35	15
GCA_36	GCA	36	647
GCA_37	GCA	37	0
GCC_0	GCC	0	0
GCC_1	GCC	1	147
GCC_2	GCC	2	43
GCC_3	GCC	3	0
GCC_4	GCC	4	13
GCC_5	GCC	5	0
GCC_6	GCC	6	0
GCC_7	GCC	7	131
GCC_8	GCC	8	0
GCC_9	GCC	9	0
GCC_10	GCC	10	0
GCC_11	GCC	11	0
GCC_12	GCC	12	8731
GCC_13	GCC	13	52
GCC_14	GCC	14	0
GCC_15	GCC	15	0
GCC_16	GCC	16	88
GCC_17	GCC	17	0
GCC_18	GCC	18	244
GCC_19	GCC	19	290
GCC_20	GCC	20	0
GCC_21	GCC	21	351
GCC_22	GCC	22	89
GCC_23	GCC	23	0
GCC_24	GCC	24	0
GCC_25	GCC	25	0
GCC_26	GCC	26	0
GCC_27	GCC	27	0
GCC_28	GCC	28	249
GCC_29	GCC	29	0
GCC_30	GCC	30	0
GCC_31	GCC	31	0
GCC_32	GCC	32	252
GCC_33	GCC	33	0
GCC_34	GCC	34	0
GCC_35	GCC	35	0
GCC_36	GCC	36	0
GCC_37	GCC	37	0
GCG_0	GCG	0	0
GCG_1	GCG	1	567
GCG_2	GCG	2	229
GCG_3	GCG	3	91
GCG_4	GCG	4	21978
GCG_5	GCG	5	0
GCG_6	GCG	6	19
GCG_7	GCG	7	353635
GCG_8	GCG	8	11
GCG_9	GCG	9	19
GCG_10	GCG	10	1311
GCG_11	GCG	11	63
GCG_12	GCG	12	0
GCG_13	GCG	13	635
GCG_14	GCG	14	0
GCG_15	GCG	15	223
GCG_16	GCG	16	0
GCG_17	GCG	17	89
GCG_18	GCG	18	0
GCG_19	GCG	19	23
GCG_20	GCG	20	0
GCG_21	GCG	21	158
GCG_22	GCG	22	294337
GCG_23	GCG	23	13
GCG_24	GCG	24	52
GCG_25	GCG	25	103
GCG_26	GCG	26	0
GCG_27	GCG	27	506
GCG_28	GCG	28	0
GCG_29	GCG	29	23
GCG_30	GCG	30	0
GCG_31	GCG	31	326
GCG_32	GCG	32	0
GCG_33	GCG	33	456
GCG_34	GCG	34	31
GCG_35	GCG	35	0
GCG_36	GCG	36	130
GCG_37	GCG	37	0
GCT_0	GCT	0	0
GCT_1	GCT	1	0
GCT_2	GCT	2	129
GCT_3	GCT	3	31
GCT_4	GCT	4	146
GCT_5	GCT	5	0
GCT_6	GCT	6	248
GCT_7	GCT	7	370
GCT_8	GCT	8	0
GCT_9	GCT	9	303
GCT_10	GCT	10	11
GCT_11	GCT	11	0
GCT_12	GCT	12	201
GCT_13	GCT	13	319
GCT_14	GCT	14	0
GCT_15	GCT	15	0
GCT_16	GCT	16	743
GCT_17	GCT	17	161
GCT_18	GCT	18	113
GCT_19	GCT	19	353592
GCT_20	GCT	20	0
GCT_21	GCT	21	97560
GCT_22	GCT	22	225
GCT_23	GCT	23	0
GCT_24	GCT	24	283
GCT_25	GCT	25	0
GCT_26	GCT	26	319
GCT_27	GCT	27	0
GCT_28	GCT	28	0
GCT_29	GCT	29	18
GCT_30	GCT	30	0
GCT_31	GCT	31	19
GCT_32	GCT	32	137
GCT_33	GCT	33	1322
GCT_34	GCT	34	0
GCT_35	GCT	35	321
GCT_36	GCT	36	0
GCT_37	GCT	37	0
GGA_0	GGA	0	16
GGA_1	GGA	1	294750
GGA_2	GGA	2	0
GGA_3	GGA	3	123
GGA_4	GGA	4	2712
GGA_5	GGA	5	23
GGA_6	GGA	6	16
GGA_7	GGA	7	23
GGA_8	GGA	8	13
GGA_9	GGA	9	322
GGA_10	GGA	10	0
GGA_11	GGA	11	107
GGA_12	GGA	12	354271
GGA_13	GGA	13	398
GGA_14	GGA	14	0
GGA_15	GGA	15	0
GGA_16	GGA	16	0
GGA_17	GGA	17	199
GGA_18	GGA	18	403
GGA_19	GGA	19	38
GGA_20	GGA	20	0
GGA_21	GGA	21	0
GGA_22	GGA	22	390
GGA_23	GGA	23	32
GGA_24	GGA	24	164
GGA_25	GGA	25	1018
GGA_26	GGA	26	121
GGA_27	GGA	27	381
GGA_28	GGA	28	0
GGA_29	GGA	29	1711
GGA_30	GGA	30	20
GGA_31	GGA	31	3187
GGA_32	GGA	32	0
GGA_33	GGA	33	33
GGA_34	GGA	34	73
GGA_35	GGA	35	520
GGA_36	GGA	36	21
GGA_37	GGA	37	0
GGC_0	GGC	0	0
GGC_1	GGC	1	354359
GGC_2	GGC	2	294
GGC_3	GGC	3	22127
GGC_4	GGC	4	634
GGC_5	GGC	5	0
GGC_6	GGC	6	225
GGC_7	GGC	7	58
GGC_8	GGC	8	0
GGC_9	GGC	9	1311
GGC_10	GGC	10	23
GGC_11	GGC	11	140
GGC_12	GGC	12	396257
GGC_13	GGC	13	0
GGC_14	GGC	14	0
GGC_15	GGC	15	0
GGC_16	GGC	16	0
GGC_17	GGC	17	961
GGC_18	GGC	18	353933
GGC_19	GGC	19	0
GGC_20	GGC	20	319
GGC_21	GGC	21	233
GGC_22	GGC	22	0
GGC_23	GGC	23	0
GGC_24	GGC	24	1046
GGC_25	GGC	25	406
GGC_26	GGC	26	506
GGC_27	GGC	27	0
GGC_28	GGC	28	23
GGC_29	GGC	29	0
GGC_30	GGC	30	0
GGC_31	GGC	31	0
GGC_32	GGC	32	435
GGC_33	GGC	33	31
GGC_34	GGC	34	39
GGC_35	GGC	35	451
GGC_36	GGC	36	0
GGC_37	GGC	37	0
GGG_0	GGG	0	1332
GGG_1	GGG	1	424
GGG_2	GGG	2	130
GGG_3	GGG	3	414276
GGG_4	GGG	4	129
GGG_5	GGG	5	96
GGG_6	GGG	6	99973
GGG_7	GGG	7	13
GGG_8	GGG	8	903
GGG_9	GGG	9	292
GGG_10	GGG	10	292
GGG_11	GGG	11	354144
GGG_12	GGG	12	398
GGG_13	GGG	13	0
GGG_14	GGG	14	32
GGG_15	GGG	15	28
GGG_16	GGG	16	879
GGG_17	GGG	17	294362
GGG_18	GGG	18	51
GGG_19	GGG	19	0
GGG_20	GGG	20	0
GGG_21	GGG	21	0
GGG_22	GGG	22	32
GGG_23	GGG	23	462
GGG_24	GGG	24	1273
GGG_25	GGG	25	411647
GGG_26	GGG	26	2494
GGG_27	GGG	27	1734
GGG_28	GGG	28	1694
GGG_29	GGG	29	0
GGG_30	GGG	30	0
GGG_31	GGG	31	43
GGG_32	GGG	32	118
GGG_33	GGG	33	100058
GGG_34	GGG	34	99938
GGG_35	GGG	35	36
GGG_36	GGG	36	15
GGG_37	GGG	37	15
GGT_0	GGT	0	1044
GGT_1	GGT	1	350
GGT_2	GGT	2	0
GGT_3	GGT	3	78489
GGT_4	GGT	4	411381
GGT_5	GGT	5	227
GGT_6	GGT	6	132
GGT_7	GGT	7	100137
GGT_8	GGT	8	28
GGT_9	GGT	9	406291
GGT_10	GGT	10	13683
GGT_11	GGT	11	319
GGT_12	GGT	12	3248
GGT_13	GGT	13	0
GGT_14	GGT	14	210
GGT_15	GGT	15	32
GGT_16	GGT	16	0
GGT_17	GGT	17	98567
GGT_18	GGT	18	294924
GGT_19	GGT	19	13
GGT_20	GGT	20	0
GGT_21	GGT	21	20
GGT_22	GGT	22	0
GGT_23	GGT	23	0
GGT_24	GGT	24	287756
GGT_25	GGT	25	368
GGT_26	GGT	26	413775
GGT_27	GGT	27	379
GGT_28	GGT	28	40
GGT_29	GGT	29	0
GGT_30	GGT	30	0
GGT_31	GGT	31	525
GGT_32	GGT	32	19425
GGT_33	GGT	33	122
GGT_34	GGT	34	227
GGT_35	GGT	35	393985
GGT_36	GGT	36	0
GGT_37	GGT	37	0
GTA_0	GTA	0	13701
GTA_1	GTA	1	405
GTA_2	GTA	2	231
GTA_3	GTA	3	0
GTA_4	GTA	4	250
GTA_5	GTA	5	409403
GTA_6	GTA	6	130
GTA_7	GTA	7	0
GTA_8	GTA	8	100097
GTA_9	GTA	9	291670
GTA_10	GTA	10	731
GTA_11	GTA	11	116
GTA_12	GTA	12	319
GTA_13	GTA	13	16951
GTA_14	GTA	14	80
GTA_15	GTA	15	81
GTA_16	GTA	16	0
GTA_17	GTA	17	13563
GTA_18	GTA	18	98355
GTA_19	GTA	19	294515
GTA_20	GTA	20	99
GTA_21	GTA	21	0
GTA_22	GTA	22	59
GTA_23	GTA	23	0
GTA_24	GTA	24	0
GTA_25	GTA	25	346828
GTA_26	GTA	26	11
GTA_27	GTA	27	2390
GTA_28	GTA	28	129
GTA_29	GTA	29	412228
GTA_30	GTA	30	0
GTA_31	GTA	31	13
GTA_32	GTA	32	0
GTA_33	GTA	33	84
GTA_34	GTA	34	14
GTA_35	GTA	35	349
GTA_36	GTA	36	294534
GTA_37	GTA	37	0
GTC_0	GTC	0	0
GTC_1	GTC	1	305
GTC_2	GTC	2	119
GTC_3	GTC	3	0
GTC_4	GTC	4	37
GTC_5	GTC	5	31
GTC_6	GTC	6	496
GTC_7	GTC	7	0
GTC_8	GTC	8	0
GTC_9	GTC	9	22
GTC_10	GTC	10	372
GTC_11	GTC	11	21
GTC_12	GTC	12	2241
GTC_13	GTC	13	11
GTC_14	GTC	14	0
GTC_15	GTC	15	96
GTC_16	GTC	16	0
GTC_17	GTC	17	0
GTC_18	GTC	18	429
GTC_19	GTC	19	2860
GTC_20	GTC	20	0
GTC_21	GTC	21	0
GTC_22	GTC	22	0
GTC_23	GTC	23	0
GTC_24	GTC	24	18
GTC_25	GTC	25	185
GTC_26	GTC	26	0
GTC_27	GTC	27	302
GTC_28	GTC	28	293719
GTC_29	GTC	29	19
GTC_30	GTC	30	0
GTC_31	GTC	31	0
GTC_32	GTC	32	88
GTC_33	GTC	33	304
GTC_34	GTC	34	0
GTC_35	GTC	35	0
GTC_36	GTC	36	210
GTC_37	GTC	37	0
GTG_0	GTG	0	0
GTG_1	GTG	1	413364
GTG_2	GTG	2	0
GTG_3	GTG	3	374
GTG_4	GTG	4	78087
GTG_5	GTG	5	2022
GTG_6	GTG	6	134
GTG_7	GTG	7	753
GTG_8	GTG	8	13863
GTG_9	GTG	9	725
GTG_10	GTG	10	409079
GTG_11	GTG	11	13935
GTG_12	GTG	12	0
GTG_13	GTG	13	0
GTG_14	GTG	14	0
GTG_15	GTG	15	294814
GTG_16	GTG	16	13
GTG_17	GTG	17	380
GTG_18	GTG	18	289
GTG_19	GTG	19	233
GTG_20	GTG	20	0
GTG_21	GTG	21	0
GTG_22	GTG	22	479
GTG_23	GTG	23	287
GTG_24	GTG	24	1423
GTG_25	GTG	25	2251
GTG_26	GTG	26	137
GTG_27	GTG	27	411449
GTG_28	GTG	28	20
GTG_29	GTG	29	231
GTG_30	GTG	30	0
GTG_31	GTG	31	0
GTG_32	GTG	32	0
GTG_33	GTG	33	19799
GTG_34	GTG	34	108
GTG_35	GTG	35	0
GTG_36	GTG	36	99638
GTG_37	GTG	37	0
GTT_0	GTT	0	0
GTT_1	GTT	1	437
GTT_2	GTT	2	0
GTT_3	GTT	3	45
GTT_4	GTT	4	418
GTT_5	GTT	5	531
GTT_6	GTT	6	294587
GTT_7	GTT	7	109
GTT_8	GTT	8	46
GTT_9	GTT	9	875
GTT_10	GTT	10	727
GTT_11	GTT	11	131
GTT_12	GTT	12	100
GTT_13	GTT	13	519
GTT_14	GTT	14	0
GTT_15	GTT	15	563
GTT_16	GTT	16	74
GTT_17	GTT	17	175
GTT_18	GTT	18	407
GTT_19	GTT	19	736
GTT_20	GTT	20	0
GTT_21	GTT	21	1382
GTT_22	GTT	22	0
GTT_23	GTT	23	0
GTT_24	GTT	24	613
GTT_25	GTT	25	838
GTT_26	GTT	26	502
GTT_27	GTT	27	330
GTT_28	GTT	28	1196
GTT_29	GTT	29	56
GTT_30	GTT	30	0
GTT_31	GTT	31	141
GTT_32	GTT	32	1027
GTT_33	GTT	33	412649
GTT_34	GTT	34	381
GTT_35	GTT	35	469
GTT_36	GTT	36	467
GTT_37	GTT	37	0
TAA_0	TAA	0	0
TAA_1	TAA	1	14
TAA_2	TAA	2	0
TAA_3	TAA	3	0
TAA_4	TAA	4	13
TAA_5	TAA	5	67
TAA_6	TAA	6	405330
TAA_7	TAA	7	0
TAA_8	TAA	8	0
TAA_9	TAA	9	26
TAA_10	TAA	10	292635
TAA_11	TAA	11	123
TAA_12	TAA	12	59
TAA_13	TAA	13	319
TAA_14	TAA	14	4032
TAA_15	TAA	15	221
TAA_16	TAA	16	0
TAA_17	TAA	17	0
TAA_18	TAA	18	16252
TAA_19	TAA	19	247
TAA_20	TAA	20	361
TAA_21	TAA	21	214
TAA_22	TAA	22	0
TAA_23	TAA	23	358
TAA_24	TAA	24	0
TAA_25	TAA	25	78
TAA_26	TAA	26	240
TAA_27	TAA	27	11
TAA_28	TAA	28	69
TAA_29	TAA	29	0
TAA_30	TAA	30	116
TAA_31	TAA	31	0
TAA_32	TAA	32	0
TAA_33	TAA	33	0
TAA_34	TAA	34	182
TAA_35	TAA	35	528
TAA_36	TAA	36	231
TAA_37	TAA	37	11954
TAC_0	TAC	0	0
TAC_1	TAC	1	13708
TAC_2	TAC	2	305
TAC_3	TAC	3	0
TAC_4	TAC	4	0
TAC_5	TAC	5	72
TAC_6	TAC	6	566
TAC_7	TAC	7	0
TAC_8	TAC	8	0
TAC_9	TAC	9	72
TAC_10	TAC	10	28
TAC_11	TAC	11	0
TAC_12	TAC	12	23
TAC_13	TAC	13	0
TAC_14	TAC	14	81
TAC_15	TAC	15	416
TAC_16	TAC	16	0
TAC_17	TAC	17	0
TAC_18	TAC	18	513
TAC_19	TAC	19	170
TAC_20	TAC	20	112
TAC_21	TAC	21	14023
TAC_22	TAC	22	0
TAC_23	TAC	23	650
TAC_24	TAC	24	0
TAC_25	TAC	25	0
TAC_26	TAC	26	334744
TAC_27	TAC	27	118
TAC_28	TAC	28	115319
TAC_29	TAC	29	0
TAC_30	TAC	30	412443
TAC_31	TAC	31	0
TAC_32	TAC	32	206
TAC_33	TAC	33	0
TAC_34	TAC	34	0
TAC_35	TAC	35	412233
TAC_36	TAC	36	0
TAC_37	TAC	37	8604
TAG_0	TAG	0	0
TAG_1	TAG	1	69
TAG_2	TAG	2	100
TAG_3	TAG	3	0
TAG_4	TAG	4	244
TAG_5	TAG	5	354404
TAG_6	TAG	6	858
TAG_7	TAG	7	661
TAG_8	TAG	8	27
TAG_9	TAG	9	486
TAG_10	TAG	10	304
TAG_11	TAG	11	731
TAG_12	TAG	12	32
TAG_13	TAG	13	63
TAG_14	TAG	14	42
TAG_15	TAG	15	91395
TAG_16	TAG	16	393
TAG_17	TAG	17	86
TAG_18	TAG	18	110
TAG_19	TAG	19	98264
TAG_20	TAG	20	294536
TAG_21	TAG	21	2209
TAG_22	TAG	22	0
TAG_23	TAG	23	61992
TAG_24	TAG	24	238
TAG_25	TAG	25	0
TAG_26	TAG	26	1235
TAG_27	TAG	27	0
TAG_28	TAG	28	0
TAG_29	TAG	29	129
TAG_30	TAG	30	3505
TAG_31	TAG	31	0
TAG_32	TAG	32	0
TAG_33	TAG	33	169
TAG_34	TAG	34	107
TAG_35	TAG	35	14
TAG_36	TAG	36	118
TAG_37	TAG	37	233
TAT_0	TAT	0	0
TAT_1	TAT	1	10
TAT_2	TAT	2	0
TAT_3	TAT	3	231
TAT_4	TAT	4	0
TAT_5	TAT	5	260
TAT_6	TAT	6	3122
TAT_7	TAT	7	0
TAT_8	TAT	8	945
TAT_9	TAT	9	100008
TAT_10	TAT	10	59
TAT_11	TAT	11	0
TAT_12	TAT	12	1042
TAT_13	TAT	13	0
TAT_14	TAT	14	15440
TAT_15	TAT	15	173
TAT_16	TAT	16	191
TAT_17	TAT	17	0
TAT_18	TAT	18	376188
TAT_19	TAT	19	265
TAT_20	TAT	20	260
TAT_21	TAT	21	354044
TAT_22	TAT	22	0
TAT_23	TAT	23	98276
TAT_24	TAT	24	11
TAT_25	TAT	25	0
TAT_26	TAT	26	15928
TAT_27	TAT	27	0
TAT_28	TAT	28	919
TAT_29	TAT	29	0
TAT_30	TAT	30	555
TAT_31	TAT	31	389
TAT_32	TAT	32	1687
TAT_33	TAT	33	0
TAT_34	TAT	34	0
TAT_35	TAT	35	519
TAT_36	TAT	36	0
TAT_37	TAT	37	275096
TCA_0	TCA	0	0
TCA_1	TCA	1	0
TCA_2	TCA	2	262
TCA_3	TCA	3	129
TCA_4	TCA	4	0
TCA_5	TCA	5	0
TCA_6	TCA	6	31
TCA_7	TCA	7	0
TCA_8	TCA	8	0
TCA_9	TCA	9	0
TCA_10	TCA	10	22
TCA_11	TCA	11	98702
TCA_12	TCA	12	0
TCA_13	TCA	13	2241
TCA_14	TCA	14	7209
TCA_15	TCA	15	0
TCA_16	TCA	16	0
TCA_17	TCA	17	111
TCA_18	TCA	18	0
TCA_19	TCA	19	0
TCA_20	TCA	20	408809
TCA_21	TCA	21	381
TCA_22	TCA	22	0
TCA_23	TCA	23	0
TCA_24	TCA	24	0
TCA_25	TCA	25	77
TCA_26	TCA	26	17
TCA_27	TCA	27	750
TCA_28	TCA	28	0
TCA_29	TCA	29	883
TCA_30	TCA	30	0
TCA_31	TCA	31	0
TCA_32	TCA	32	0
TCA_33	TCA	33	0
TCA_34	TCA	34	440
TCA_35	TCA	35	0
TCA_36	TCA	36	68
TCA_37	TCA	37	34
TCC_0	TCC	0	0
TCC_1	TCC	1	0
TCC_2	TCC	2	0
TCC_3	TCC	3	0
TCC_4	TCC	4	0
TCC_5	TCC	5	0
TCC_6	TCC	6	0
TCC_7	TCC	7	0
TCC_8	TCC	8	0
TCC_9	TCC	9	0
TCC_10	TCC	10	0
TCC_11	TCC	11	26
TCC_12	TCC	12	18
TCC_13	TCC	13	0
TCC_14	TCC	14	0
TCC_15	TCC	15	0
TCC_16	TCC	16	0
TCC_17	TCC	17	0
TCC_18	TCC	18	0
TCC_19	TCC	19	0
TCC_20	TCC	20	43
TCC_21	TCC	21	0
TCC_22	TCC	22	0
TCC_23	TCC	23	0
TCC_24	TCC	24	0
TCC_25	TCC	25	0
TCC_26	TCC	26	172
TCC_27	TCC	27	0
TCC_28	TCC	28	0
TCC_29	TCC	29	223
TCC_30	TCC	30	19
TCC_31	TCC	31	0
TCC_32	TCC	32	0
TCC_33	TCC	33	0
TCC_34	TCC	34	0
TCC_35	TCC	35	1705
TCC_36	TCC	36	0
TCC_37	TCC	37	0
TCG_0	TCG	0	0
TCG_1	TCG	1	0
TCG_2	TCG	2	43
TCG_3	TCG	3	0
TCG_4	TCG	4	0
TCG_5	TCG	5	37
TCG_6	TCG	6	0
TCG_7	TCG	7	756
TCG_8	TCG	8	0
TCG_9	TCG	9	0
TCG_10	TCG	10	355
TCG_11	TCG	11	725
TCG_12	TCG	12	0
TCG_13	TCG	13	0
TCG_14	TCG	14	38
TCG_15	TCG	15	0
TCG_16	TCG	16	373
TCG_17	TCG	17	95
TCG_18	TCG	18	0
TCG_19	TCG	19	27
TCG_20	TCG	20	407
TCG_21	TCG	21	0
TCG_22	TCG	22	260
TCG_23	TCG	23	302
TCG_24	TCG	24	0
TCG_25	TCG	25	0
TCG_26	TCG	26	0
TCG_27	TCG	27	45
TCG_28	TCG	28	0
TCG_29	TCG	29	293344
TCG_30	TCG	30	0
TCG_31	TCG	31	56
TCG_32	TCG	32	0
TCG_33	TCG	33	337
TCG_34	TCG	34	169
TCG_35	TCG	35	0
TCG_36	TCG	36	0
TCG_37	TCG	37	109
TCT_0	TCT	0	0
TCT_1	TCT	1	0
TCT_2	TCT	2	0
TCT_3	TCT	3	0
TCT_4	TCT	4	0
TCT_5	TCT	5	0
TCT_6	TCT	6	0
TCT_7	TCT	7	0
TCT_8	TCT	8	344
TCT_9	TCT	9	0
TCT_10	TCT	10	0
TCT_11	TCT	11	22
TCT_12	TCT	12	21
TCT_13	TCT	13	0
TCT_14	TCT	14	15
TCT_15	TCT	15	0
TCT_16	TCT	16	309
TCT_17	TCT	17	0
TCT_18	TCT	18	3307
TCT_19	TCT	19	402
TCT_20	TCT	20	177
TCT_21	TCT	21	258
TCT_22	TCT	22	0
TCT_23	TCT	23	0
TCT_24	TCT	24	0
TCT_25	TCT	25	0
TCT_26	TCT	26	13
TCT_27	TCT	27	0
TCT_28	TCT	28	302
TCT_29	TCT	29	399
TCT_30	TCT	30	0
TCT_31	TCT	31	0
TCT_32	TCT	32	0
TCT_33	TCT	33	0
TCT_34	TCT	34	0
TCT_35	TCT	35	0
TCT_36	TCT	36	0
TCT_37	TCT	37	67
TGA_0	TGA	0	106
TGA_1	TGA	1	293
TGA_2	TGA	2	141
TGA_3	TGA	3	0
TGA_4	TGA	4	0
TGA_5	TGA	5	28
TGA_6	TGA	6	2022
TGA_7	TGA	7	0
TGA_8	TGA	8	1038
TGA_9	TGA	9	0
TGA_10	TGA	10	442
TGA_11	TGA	11	1244
TGA_12	TGA	12	267
TGA_13	TGA	13	118
TGA_14	TGA	14	108
TGA_15	TGA	15	0
TGA_16	TGA	16	140
TGA_17	TGA	17	495
TGA_18	TGA	18	95
TGA_19	TGA	19	0
TGA_20	TGA	20	30
TGA_21	TGA	21	0
TGA_22	TGA	22	177
TGA_23	TGA	23	2979
TGA_24	TGA	24	0
TGA_25	TGA	25	97909
TGA_26	TGA	26	0
TGA_27	TGA	27	0
TGA_28	TGA	28	172
TGA_29	TGA	29	0
TGA_30	TGA	30	1196
TGA_31	TGA	31	1778
TGA_32	TGA	32	0
TGA_33	TGA	33	0
TGA_34	TGA	34	304970
TGA_35	TGA	35	0
TGA_36	TGA	36	381
TGA_37	TGA	37	1478
TGC_0	TGC	0	0
TGC_1	TGC	1	258
TGC_2	TGC	2	91
TGC_3	TGC	3	10
TGC_4	TGC	4	0
TGC_5	TGC	5	19
TGC_6	TGC	6	28
TGC_7	TGC	7	0
TGC_8	TGC	8	1992
TGC_9	TGC	9	11
TGC_10	TGC	10	0
TGC_11	TGC	11	8922
TGC_12	TGC	12	687
TGC_13	TGC	13	0
TGC_14	TGC	14	0
TGC_15	TGC	15	0
TGC_16	TGC	16	160
TGC_17	TGC	17	244
TGC_18	TGC	18	209
TGC_19	TGC	19	0
TGC_20	TGC	20	143
TGC_21	TGC	21	229
TGC_22	TGC	22	0
TGC_23	TGC	23	283
TGC_24	TGC	24	0
TGC_25	TGC	25	0
TGC_26	TGC	26	1783
TGC_27	TGC	27	0
TGC_28	TGC	28	520
TGC_29	TGC	29	0
TGC_30	TGC	30	231
TGC_31	TGC	31	0
TGC_32	TGC	32	0
TGC_33	TGC	33	0
TGC_34	TGC	34	297
TGC_35	TGC	35	326
TGC_36	TGC	36	0
TGC_37	TGC	37	206
TGG_0	TGG	0	427
TGG_1	TGG	1	0
TGG_2	TGG	2	413457
TGG_3	TGG	3	437
TGG_4	TGG	4	0
TGG_5	TGG	5	78237
TGG_6	TGG	6	174
TGG_7	TGG	7	28
TGG_8	TGG	8	3157
TGG_9	TGG	9	13695
TGG_10	TGG	10	283
TGG_11	TGG	11	398302
TGG_12	TGG	12	0
TGG_13	TGG	13	0
TGG_14	TGG	14	0
TGG_15	TGG	15	813
TGG_16	TGG	16	294592
TGG_17	TGG	17	354183
TGG_18	TGG	18	0
TGG_19	TGG	19	319
TGG_20	TGG	20	233
TGG_21	TGG	21	0
TGG_22	TGG	22	0
TGG_23	TGG	23	288521
TGG_24	TGG	24	287
TGG_25	TGG	25	2534
TGG_26	TGG	26	0
TGG_27	TGG	27	0
TGG_28	TGG	28	17
TGG_29	TGG	29	20
TGG_30	TGG	30	43
TGG_31	TGG	31	40
TGG_32	TGG	32	109
TGG_33	TGG	33	106
TGG_34	TGG	34	294523
TGG_35	TGG	35	0
TGG_36	TGG	36	0
TGG_37	TGG	37	97500
TGT_0	TGT	0	151
TGT_1	TGT	1	0
TGT_2	TGT	2	374
TGT_3	TGT	3	48
TGT_4	TGT	4	374
TGT_5	TGT	5	171
TGT_6	TGT	6	0
TGT_7	TGT	7	128
TGT_8	TGT	8	291571
TGT_9	TGT	9	1536
TGT_10	TGT	10	51
TGT_11	TGT	11	2341
TGT_12	TGT	12	13691
TGT_13	TGT	13	0
TGT_14	TGT	14	38
TGT_15	TGT	15	0
TGT_16	TGT	16	13915
TGT_17	TGT	17	590
TGT_18	TGT	18	2995
TGT_19	TGT	19	0
TGT_20	TGT	20	0
TGT_21	TGT	21	182
TGT_22	TGT	22	0
TGT_23	TGT	23	1454
TGT_24	TGT	24	548
TGT_25	TGT	25	134
TGT_26	TGT	26	482
TGT_27	TGT	27	137
TGT_28	TGT	28	411758
TGT_29	TGT	29	0
TGT_30	TGT	30	0
TGT_31	TGT	31	0
TGT_32	TGT	32	571
TGT_33	TGT	33	381
TGT_34	TGT	34	550
TGT_35	TGT	35	524
TGT_36	TGT	36	0
TGT_37	TGT	37	617
TTA_0	TTA	0	11
TTA_1	TTA	1	0
TTA_2	TTA	2	0
TTA_3	TTA	3	0
TTA_4	TTA	4	129
TTA_5	TTA	5	282
TTA_6	TTA	6	531
TTA_7	TTA	7	754
TTA_8	TTA	8	109
TTA_9	TTA	9	258
TTA_10	TTA	10	81
TTA_11	TTA	11	981
TTA_12	TTA	12	0
TTA_13	TTA	13	113
TTA_14	TTA	14	90521
TTA_15	TTA	15	0
TTA_16	TTA	16	86
TTA_17	TTA	17	1924
TTA_18	TTA	18	145
TTA_19	TTA	19	264
TTA_20	TTA	20	2720
TTA_21	TTA	21	0
TTA_22	TTA	22	1420
TTA_23	TTA	23	11
TTA_24	TTA	24	0
TTA_25	TTA	25	847
TTA_26	TTA	26	0
TTA_27	TTA	27	177
TTA_28	TTA	28	0
TTA_29	TTA	29	364
TTA_30	TTA	30	0
TTA_31	TTA	31	0
TTA_32	TTA	32	0
TTA_33	TTA	33	107
TTA_34	TTA	34	411735
TTA_35	TTA	35	0
TTA_36	TTA	36	360
TTA_37	TTA	37	19
TTC_0	TTC	0	0
TTC_1	TTC	1	0
TTC_2	TTC	2	0
TTC_3	TTC	3	0
TTC_4	TTC	4	0
TTC_5	TTC	5	0
TTC_6	TTC	6	0
TTC_7	TTC	7	344
TTC_8	TTC	8	0
TTC_9	TTC	9	0
TTC_10	TTC	10	27
TTC_11	TTC	11	18
TTC_12	TTC	12	0
TTC_13	TTC	13	0
TTC_14	TTC	14	0
TTC_15	TTC	15	0
TTC_16	TTC	16	176
TTC_17	TTC	17	0
TTC_18	TTC	18	0
TTC_19	TTC	19	441
TTC_20	TTC	20	381
TTC_21	TTC	21	0
TTC_22	TTC	22	0
TTC_23	TTC	23	0
TTC_24	TTC	24	0
TTC_25	TTC	25	0
TTC_26	TTC	26	795
TTC_27	TTC	27	0
TTC_28	TTC	28	204
TTC_29	TTC	29	0
TTC_30	TTC	30	56
TTC_31	TTC	31	0
TTC_32	TTC	32	0
TTC_33	TTC	33	169
TTC_34	TTC	34	1705
TTC_35	TTC	35	68
TTC_36	TTC	36	0
TTC_37	TTC	37	0
TTG_0	TTG	0	0
TTG_1	TTG	1	264
TTG_2	TTG	2	437
TTG_3	TTG	3	0
TTG_4	TTG	4	45
TTG_5	TTG	5	164
TTG_6	TTG	6	0
TTG_7	TTG	7	293579
TTG_8	TTG	8	10
TTG_9	TTG	9	51
TTG_10	TTG	10	820
TTG_11	TTG	11	699
TTG_12	TTG	12	118
TTG_13	TTG	13	0
TTG_14	TTG	14	813
TTG_15	TTG	15	224
TTG_16	TTG	16	354428
TTG_17	TTG	17	277
TTG_18	TTG	18	30
TTG_19	TTG	19	143
TTG_20	TTG	20	205
TTG_21	TTG	21	0
TTG_22	TTG	22	260
TTG_23	TTG	23	548
TTG_24	TTG	24	82
TTG_25	TTG	25	0
TTG_26	TTG	26	0
TTG_27	TTG	27	368
TTG_28	TTG	28	0
TTG_29	TTG	29	1196
TTG_30	TTG	30	30
TTG_31	TTG	31	0
TTG_32	TTG	32	0
TTG_33	TTG	33	293713
TTG_34	TTG	34	742
TTG_35	TTG	35	381
TTG_36	TTG	36	109
TTG_37	TTG	37	175
TTT_0	TTT	0	0
TTT_1	TTT	1	0
TTT_2	TTT	2	0
TTT_3	TTT	3	0
TTT_4	TTT	4	0
TTT_5	TTT	5	0
TTT_6	TTT	6	188
TTT_7	TTT	7	258
TTT_8	TTT	8	258
TTT_9	TTT	9	27
TTT_10	TTT	10	0
TTT_11	TTT	11	0
TTT_12	TTT	12	13
TTT_13	TTT	13	22
TTT_14	TTT	14	113
TTT_15	TTT	15	108
TTT_16	TTT	16	1435
TTT_17	TTT	17	32
TTT_18	TTT	18	414
TTT_19	TTT	19	0
TTT_20	TTT	20	0
TTT_21	TTT	21	298
TTT_22	TTT	22	0
TTT_23	TTT	23	82
TTT_24	TTT	24	0
TTT_25	TTT	25	0
TTT_26	TTT	26	43
TTT_27	TTT	27	0
TTT_28	TTT	28	330
TTT_29	TTT	29	0
TTT_30	TTT	30	0
TTT_31	TTT	31	0
TTT_32	TTT	32	141
TTT_33	TTT	33	786
TTT_34	TTT	34	68
TTT_35	TTT	35	0
TTT_36	TTT	36	0
TTT_37	TTT	37	273
